{
    "type": "crafting_shaped",
    "pattern": [
        "lll",
        "lwl",
        "i i"
    ],
    "key": {
        "l": {
            "item": "minecraft:leather"
        },
        "w": [	
				{
				"item": "minecraft:white_wool"
				},
				{
				"item": "minecraft:orange_wool"
				},
				{
				"item": "minecraft:magenta_wool"
				},
				{
				"item": "minecraft:light_blue_wool"
				},
				{
				"item": "minecraft:yellow_wool"
				},
				{
				"item": "minecraft:lime_wool"
				},
				{
				"item": "minecraft:pink_wool"
				},
				{
				"item": "minecraft:gray_wool"
				},
				{
				"item": "minecraft:light_gray_wool"
				},
				{
				"item": "minecraft:cyan_wool"
				},
				{
				"item": "minecraft:purple_wool"
				},
				{
				"item": "minecraft:red_wool"
				},
				{
				"item": "minecraft:blue_wool"
				},
				{
				"item": "minecraft:brown_wool"
				},
				{
				"item": "minecraft:green_wool"
				},
				{
				"item": "minecraft:red_wool"
				},
				{
				"item": "minecraft:black_wool"
				}
			],
        "i": {
            "item": "minecraft:iron_ingot"
        }
    },
    "result": {
        "item": "minecraft:saddle",
        "count": 1
    }
}