{
    "type": "entity",
    "pools": [
      {
        "rolls": 1,
        "entries": [
          {
            "type": "item",
            "weight": 1,
            "name": "minecraft:soul_lantern",
            "functions": [
              {
                "function": "set_count",
                "count": 1
              },
              {
                "function": "set_nbt",
                "tag": "{Soul:1b,Soullvl:3,Enchantments:[{}]}"
              },
              {
                "function": "set_name",
                "name": [
                  {
                    "text": "Large Soul",
                    "color": "blue",
                    "italic": false
                  }
                ]
              }
            ]
          },
          {
            "type": "empty",
            "weight": 1
          }
        ]
      }
    ]
  }