{
    "__comment": "Made with TheDestruc7i0n's advancements generator: https://advancements.thedestruc7i0n.ca",
    "display": {
        "title": {
            "text": "That was okay",
            "color": "black"
        },
        "description": {
            "text": "Kill a medium mob"
        },
        "icon": {
            "item": "minecraft:iron_sword"
        },
        "frame": "task",
        "show_toast": false,
        "announce_to_chat": false,
        "hidden": false,
        "background": "minecraft:textures/gui/advancements/backgrounds/stone.png"
    },
    "criteria": {
        "Weak Killed": {
            "trigger": "minecraft:player_killed_entity",
            "conditions": {
                "entity": {
                    "type": "#tags:ht2"
                }
            }
        }
    },
    "rewards": {
        "function": "mobs:reward/killht2",
        "loot":[
            "mobs:ht2"
        ] 
    }
}